zone;surface
BI;125397.400000000000
ATL_F;262619.20000000000
NS;724069.700000000000
Manche;162350.000000000000
ATL_IB;390311.100000000000
Med;412946.100000000000
